"","fit4.coefficients"
"(Intercept)",-1115.40754086409
"state_rev_PP_16_pred",-2.37606429201787
"Fiscalyear2003",-1241.97781537159
"Fiscalyear2004",-349.112113837299
"Fiscalyear2005",879.690357220144
"Fiscalyear2006",2477.54913061458
"Fiscalyear2007",2492.58061739434
"Fiscalyear2008",1634.13487837891
"Fiscalyear2009",-304.153594080314
"Fiscalyear2010",585.048808378512
"Fiscalyear2011",-773.387257137969
"Fiscalyear2012",-659.603215124074
"Fiscalyear2014",1952.38031657774
"Fiscalyear2015",4341.20432684775
"Fiscalyear2016",4912.08137176479
"factor(Dcode)61127",36034.4416012515
"factor(Dcode)61143",33529.0562636947
"factor(Dcode)61150",36543.0721113184
"factor(Dcode)61168",29668.514858154
"factor(Dcode)61176",28845.0303796814
"factor(Dcode)61192",29567.380411309
"factor(Dcode)61200",26305.1711838897
"factor(Dcode)61218",43068.1467822524
"factor(Dcode)61234",27725.1747676022
"factor(Dcode)61242",26705.5646292039
"factor(Dcode)61259",35177.1651611364
"factor(Dcode)61275",25281.5714150664
"factor(Dcode)61291",26990.899398545
"factor(Dcode)61309",27197.6874500535
"factor(Dcode)61333",80570.2166766708
"factor(Dcode)61382",31503.3311993353
"factor(Dcode)61408",35283.7940571912
"factor(Dcode)61424",27992.0905905324
"factor(Dcode)61432",28870.1022942244
"factor(Dcode)61440",59306.48258244
"factor(Dcode)61457",49313.0839413236
"factor(Dcode)61499",26670.8205637746
"factor(Dcode)61507",27240.0193933135
"factor(Dcode)61515",32430.9851861137
"factor(Dcode)61523",29582.830827786
"factor(Dcode)61531",29067.7617522182
"factor(Dcode)61549",30057.2543062841
"factor(Dcode)61556",43876.4118854108
"factor(Dcode)61564",27766.4384149053
"factor(Dcode)61572",25354.9932487085
"factor(Dcode)61580",32501.4108999029
"factor(Dcode)61598",28314.5030451355
"factor(Dcode)61606",33702.0671953619
"factor(Dcode)61614",29631.1281068483
"factor(Dcode)61622",28021.0707824374
"factor(Dcode)61630",40485.3841769986
"factor(Dcode)61648",26046.1174702749
"factor(Dcode)61655",23869.6224439713
"factor(Dcode)61663",25539.1982104489
"factor(Dcode)61671",29399.6170315272
"factor(Dcode)61697",28242.5316918373
"factor(Dcode)61705",27618.6434389853
"factor(Dcode)61713",23690.9774325172
"factor(Dcode)61721",26925.2024470532
"factor(Dcode)61739",26363.4015293606
"factor(Dcode)61747",23707.6044988342
"factor(Dcode)61754",29069.7517972206
"factor(Dcode)61762",24208.6059134311
"factor(Dcode)61770",23439.6239316827
"factor(Dcode)61788",28012.2270310933
"factor(Dcode)61796",30951.3520404299
"factor(Dcode)61804",25396.6633385291
"factor(Dcode)61812",23584.9385543468
"factor(Dcode)61820",28930.3724147886
"factor(Dcode)61838",25391.8320480882
"factor(Dcode)61846",27795.7619645937
"factor(Dcode)61853",28892.1380239573
"factor(Dcode)61879",26705.550112209
"factor(Dcode)61887",25852.1139795226
"factor(Dcode)61895",38936.1313337268
"factor(Dcode)61903",30222.1304872597
"factor(Dcode)61911",32452.8381142942
"factor(Dcode)61929",26151.2741974868
"factor(Dcode)61945",29612.6391669126
"factor(Dcode)61952",26482.9798571252
"factor(Dcode)61960",27502.6175078654
"factor(Dcode)61978",23848.2131490661
"factor(Dcode)61986",88533.9804408564
"factor(Dcode)61994",27315.1585143676
"factor(Dcode)62026",78823.1480511434
"factor(Dcode)62042",32589.1235448344
"factor(Dcode)62109",23635.9907677041
"factor(Dcode)62117",27677.6111195667
"factor(Dcode)62125",28102.3916218593
"factor(Dcode)62158",26306.821283172
"factor(Dcode)62166",30324.5878534801
"factor(Dcode)62240",25234.2182972206
"factor(Dcode)62257",27871.3793019222
"factor(Dcode)62265",28744.4214912869
"factor(Dcode)62281",31323.8582020374
"factor(Dcode)62323",26762.4009094469
"factor(Dcode)62331",29175.5441770039
"factor(Dcode)62356",27631.2671825558
"factor(Dcode)62364",29009.0592274795
"factor(Dcode)62372",81354.3008889068
"factor(Dcode)62380",39752.9117104592
"factor(Dcode)62414",31654.2270101495
"factor(Dcode)62430",27026.1596674778
"factor(Dcode)62513",27709.0738063424
"factor(Dcode)62539",64119.1710049272
"factor(Dcode)62547",67093.9345060755
"factor(Dcode)62554",26052.1006352567
"factor(Dcode)62596",26476.0588115468
"factor(Dcode)62638",26184.3947381993
"factor(Dcode)62646",40302.1236641279
"factor(Dcode)62653",63696.0566630421
"factor(Dcode)62661",26911.8000548985
"factor(Dcode)62679",42454.5549205932
"factor(Dcode)62687",31865.8035157468
"factor(Dcode)62695",109279.738048578
"factor(Dcode)62703",31362.0778364173
"factor(Dcode)62729",48307.8612384063
"factor(Dcode)62737",32498.7065481732
"factor(Dcode)62745",25058.2023790693
"factor(Dcode)62794",26705.2710825606
"factor(Dcode)62810",29140.3851667058
"factor(Dcode)62828",27572.1655431741
"factor(Dcode)62836",31592.948185713
"factor(Dcode)62851",71311.1470189989
"factor(Dcode)62885",25788.342915325
"factor(Dcode)62893",24291.1714627338
"factor(Dcode)62901",35945.2668056681
"factor(Dcode)62919",42870.2346966463
"factor(Dcode)62927",71443.2652885919
"factor(Dcode)62935",68849.1255808033
"factor(Dcode)62950",25224.460853964
"factor(Dcode)62968",70393.0947357803
"factor(Dcode)62976",26478.4198929119
"factor(Dcode)62984",45155.3468380434
"factor(Dcode)63008",27621.0498405227
"factor(Dcode)63024",26583.5967120889
"factor(Dcode)63032",40577.7529920393
"factor(Dcode)63040",36881.3373305333
"factor(Dcode)63057",29428.2982941295
"factor(Dcode)63073",25764.4525053106
"factor(Dcode)63081",30211.5606074122
"factor(Dcode)63099",27631.2611937693
"factor(Dcode)63107",29958.3788282234
"factor(Dcode)63115",28587.0250954459
"factor(Dcode)63123",26156.3829940906
"factor(Dcode)63131",27696.2757376217
"factor(Dcode)63149",27777.4124620147
"factor(Dcode)63164",25228.0637020685
"factor(Dcode)63172",26648.7049958564
"factor(Dcode)63180",23982.609147872
"factor(Dcode)63198",28111.5073821902
"factor(Dcode)63206",32167.8850465732
"factor(Dcode)63214",36976.5684674266
"factor(Dcode)63222",28713.5023514458
"factor(Dcode)63230",29708.4287103441
"factor(Dcode)63248",50110.2089262375
"factor(Dcode)63271",92742.7906344545
"factor(Dcode)63289",62259.6084663877
"factor(Dcode)63297",92495.659864873
"factor(Dcode)63305",32151.8843707329
"factor(Dcode)63313",28788.2853595629
"factor(Dcode)63321",30252.4805327336
"factor(Dcode)63339",27790.3447765272
"factor(Dcode)63347",135324.575198099
"factor(Dcode)63354",65181.2072556059
"factor(Dcode)63362",28516.0698746528
"factor(Dcode)63370",30529.6148032128
"factor(Dcode)63388",38909.5981237097
"factor(Dcode)63404",32957.5788972042
"factor(Dcode)63412",32996.566536157
"factor(Dcode)63420",29879.5406399464
"factor(Dcode)63438",28208.0626284122
"factor(Dcode)63446",44753.8837339808
"factor(Dcode)63461",27432.795267968
"factor(Dcode)63479",25768.0689086584
"factor(Dcode)63487",36026.0050837056
"factor(Dcode)63503",27790.3131113942
"factor(Dcode)63529",32794.8566285071
"factor(Dcode)63545",30782.4976500292
"factor(Dcode)63552",28854.5134516868
"factor(Dcode)63560",29528.8963645382
"factor(Dcode)63578",29030.3109005277
"factor(Dcode)63586",53700.1437201855
"factor(Dcode)63594",31045.7137921876
"factor(Dcode)63610",24347.5460859355
"factor(Dcode)63628",42038.6500225238
"factor(Dcode)63651",97428.2126547955
"factor(Dcode)63669",99181.4205695293
"factor(Dcode)63677",28879.5565100849
"factor(Dcode)63685",28444.8748663668
"factor(Dcode)63693",24695.6808403998
"factor(Dcode)63719",30415.0506444277
"factor(Dcode)63750",25654.3169234314
"factor(Dcode)63768",27033.8941116191
"factor(Dcode)63776",27646.9924623293
"factor(Dcode)63784",30573.8274792983
"factor(Dcode)63792",30382.073188459
"factor(Dcode)63800",29789.3269520159
"factor(Dcode)63818",119322.921153938
"factor(Dcode)63826",26983.2211027587
"factor(Dcode)63834",28913.5468881406
"factor(Dcode)63842",27134.7423722198
"factor(Dcode)63859",35667.5572381387
"factor(Dcode)63875",36744.8662173794
"factor(Dcode)63883",26124.6382161233
"factor(Dcode)63891",29136.2269251636
"factor(Dcode)63917",27304.152798972
"factor(Dcode)63925",29083.122382067
"factor(Dcode)63933",26670.7048735714
"factor(Dcode)63941",25765.5695424486
"factor(Dcode)63958",31883.6151878948
"factor(Dcode)63966",29813.3108877738
"factor(Dcode)63974",26855.7905370523
"factor(Dcode)63982",29843.2446050662
"factor(Dcode)63990",25534.1240844383
"factor(Dcode)64014",27533.2910622474
"factor(Dcode)64022",28593.2722752969
"factor(Dcode)64030",25609.705973035
"factor(Dcode)64048",27884.6143811705
"factor(Dcode)64055",27420.4105631546
"factor(Dcode)64063",27011.0934381605
"factor(Dcode)64071",34477.4440461932
"factor(Dcode)64089",41636.0351346671
"factor(Dcode)64105",24750.1364075971
"factor(Dcode)64113",25979.9741078483
"factor(Dcode)64139",31142.7422715777
"factor(Dcode)64162",152692.279999929
"factor(Dcode)64170",23905.1301075589
"factor(Dcode)64188",27229.7145619309
"factor(Dcode)64196",25729.392556571
"factor(Dcode)64204",40980.9638831096
"factor(Dcode)64212",28576.7977003702
"factor(Dcode)64246",30294.6826037868
"factor(Dcode)64261",24169.1362159247
"factor(Dcode)64279",29593.3296829044
"factor(Dcode)64287",30366.0488166232
"factor(Dcode)64295",32843.6409286228
"factor(Dcode)64303",27584.252799619
"factor(Dcode)64311",31610.0591543372
"factor(Dcode)64329",26646.6158193699
"factor(Dcode)64337",28144.5317360724
"factor(Dcode)64345",26626.5084251252
"factor(Dcode)64352",35576.6339630581
"factor(Dcode)64378",27293.7268593347
"factor(Dcode)64394",28281.4006867488
"factor(Dcode)64436",30403.973694419
"factor(Dcode)64444",32986.3914086387
"factor(Dcode)64451",25584.1799406522
"factor(Dcode)64469",26849.1962397217
"factor(Dcode)64477",26637.9915316784
"factor(Dcode)64485",27613.5160872752
"factor(Dcode)64501",27039.9125024329
"factor(Dcode)64519",31151.704828405
"factor(Dcode)64527",27316.2630240966
"factor(Dcode)64535",27288.9510892634
"factor(Dcode)64550",26565.8305830348
"factor(Dcode)64568",27695.8465920006
"factor(Dcode)64576",25359.063617523
"factor(Dcode)64584",322736.562278874
"factor(Dcode)64592",29005.8744725303
"factor(Dcode)64600",25800.5875937143
"factor(Dcode)64626",28998.5256826559
"factor(Dcode)64634",30760.5045628138
"factor(Dcode)64642",26118.5435214185
"factor(Dcode)64659",25964.8805147953
"factor(Dcode)64667",25368.1224700763
"factor(Dcode)64683",26405.8445359712
"factor(Dcode)64691",32004.0131178247
"factor(Dcode)64709",38243.4447191467
"factor(Dcode)64717",24959.3710121256
"factor(Dcode)64725",28802.0804800641
"factor(Dcode)64733",37258.6767595056
"factor(Dcode)64758",26366.0523885285
"factor(Dcode)64766",25227.9742460772
"factor(Dcode)64774",28114.1504312444
"factor(Dcode)64790",27089.4321292806
"factor(Dcode)64808",27524.7599098813
"factor(Dcode)64816",27099.0225765799
"factor(Dcode)64832",26462.0754629461
"factor(Dcode)64840",31306.3639746047
"factor(Dcode)64857",32633.6394139363
"factor(Dcode)64865",25614.8074912569
"factor(Dcode)64873",27465.4901752941
"factor(Dcode)64881",31797.8604937867
"factor(Dcode)64907",31497.5027913939
"factor(Dcode)64931",26413.8828135863
"factor(Dcode)64964",24025.0218020639
"factor(Dcode)64980",25922.8330553555
"factor(Dcode)64998",29160.7949840941
"factor(Dcode)65029",24660.2027053104
"factor(Dcode)65037",25877.8158521381
"factor(Dcode)65045",26875.8488934528
"factor(Dcode)65052",24749.8704363203
"factor(Dcode)65060",27802.643006973
"factor(Dcode)65078",24331.260993877
"factor(Dcode)65094",31317.8269975768
"factor(Dcode)65102",22754.1280655824
"factor(Dcode)65110",25436.8617500768
"factor(Dcode)65128",36331.4166260741
"factor(Dcode)65136",29526.451081416
"factor(Dcode)65151",28636.8488040416
"factor(Dcode)65169",25903.9440063997
"factor(Dcode)65177",27469.5249916614
"factor(Dcode)65185",30680.4304439821
"factor(Dcode)65193",26388.1433108678
"factor(Dcode)65201",30357.0411772476
"factor(Dcode)65243",27466.8422631086
"factor(Dcode)65276",36228.9687477683
"factor(Dcode)65300",73052.8282210414
"factor(Dcode)65318",26712.7879043516
"factor(Dcode)65334",25378.6749496186
"factor(Dcode)65342",40413.9029741333
"factor(Dcode)65359",31596.3466500902
"factor(Dcode)65367",24920.2388595865
"factor(Dcode)65375",49552.5741913558
"factor(Dcode)65391",25005.6069016185
"factor(Dcode)65409",45941.1664249226
"factor(Dcode)65417",25421.0748470881
"factor(Dcode)65425",35868.7790697716
"factor(Dcode)65433",35253.1844481102
"factor(Dcode)65458",26180.5254468174
"factor(Dcode)65466",36062.9503792213
"factor(Dcode)65474",149734.674796763
"factor(Dcode)65482",43974.4646364597
"factor(Dcode)65516",55344.2784611385
"factor(Dcode)65532",32011.279795177
"factor(Dcode)65540",35968.2762388564
"factor(Dcode)65557",40985.9753790747
"factor(Dcode)65565",29282.0589559276
"factor(Dcode)65573",40610.9658572243
"factor(Dcode)65581",44657.5727425115
"factor(Dcode)65599",56064.0524381553
"factor(Dcode)65607",43352.0862183566
"factor(Dcode)65615",27650.652986222
"factor(Dcode)65623",29220.6763176418
"factor(Dcode)65631",26864.2484028746
"factor(Dcode)65649",27219.369482103
"factor(Dcode)65680",32624.4971546139
"factor(Dcode)65698",27175.5335439482
"factor(Dcode)65722",28427.0121990628
"factor(Dcode)65730",33207.0071652241
"factor(Dcode)65748",28256.963051449
"factor(Dcode)65755",27334.8065445757
"factor(Dcode)65763",26032.5153046847
"factor(Dcode)65771",28629.6327194873
"factor(Dcode)65789",29702.1027306769
"factor(Dcode)65813",30229.2876077705
"factor(Dcode)65821",28721.5248262085
"factor(Dcode)65839",34494.7279574972
"factor(Dcode)65862",26952.9202135411
"factor(Dcode)65870",28208.0699873459
"factor(Dcode)65896",47798.4220850177
"factor(Dcode)65961",26316.4078292858
"factor(Dcode)65979",43227.9329665686
"factor(Dcode)65987",67243.8175304815
"factor(Dcode)65995",31504.5477738655
"factor(Dcode)66027",32524.4118198398
"factor(Dcode)66035",26904.4781508683
"factor(Dcode)66050",28268.4990110607
"factor(Dcode)66068",30615.9833053522
"factor(Dcode)66076",28474.2522197749
"factor(Dcode)66084",28212.7759884547
"factor(Dcode)66092",28902.488025645
"factor(Dcode)66134",44442.2287899675
"factor(Dcode)66142",27465.8299917949
"factor(Dcode)66159",29319.4110543673
"factor(Dcode)66167",30926.4134619484
"factor(Dcode)66175",29436.151095606
"factor(Dcode)66183",40868.3376761466
"factor(Dcode)66191",25194.6709094125
"factor(Dcode)66225",24620.4157830626
"factor(Dcode)66233",24576.2219381786
"factor(Dcode)66241",46599.2908904458
"factor(Dcode)66258",49821.8359146981
"factor(Dcode)66266",30991.3544280337
"factor(Dcode)66282",61283.2228312861
"factor(Dcode)66290",56750.9293215684
"factor(Dcode)66316",27600.8580936364
"factor(Dcode)66324",25112.6266618463
"factor(Dcode)66332",33779.1067783006
"factor(Dcode)66340",29308.7829179797
"factor(Dcode)66357",31296.2024727818
"factor(Dcode)66373",26457.2188358703
"factor(Dcode)66381",26731.6159657545
"factor(Dcode)66399",43701.2513129347
"factor(Dcode)66407",28997.6537691201
"factor(Dcode)66415",258962.635854204
"factor(Dcode)66423",28678.6726889345
"factor(Dcode)66431",31360.3440543977
"factor(Dcode)66449",26427.3844194811
"factor(Dcode)66456",24950.7826934468
"factor(Dcode)66464",26796.8951755083
"factor(Dcode)66472",26478.5303393851
"factor(Dcode)66480",25784.3751657325
"factor(Dcode)66498",23069.7224044644
"factor(Dcode)66506",24944.7462214281
"factor(Dcode)66514",29026.1837476513
"factor(Dcode)66522",28178.4185406266
"factor(Dcode)66530",23357.7242398961
"factor(Dcode)66548",34525.7770426864
"factor(Dcode)66555",47022.236377883
"factor(Dcode)66563",25505.4918452658
"factor(Dcode)66589",27860.9606335707
"factor(Dcode)66597",36376.1856302819
"factor(Dcode)66613",25160.5195892722
"factor(Dcode)66621",27667.3673917725
"factor(Dcode)66647",27103.4619800487
"factor(Dcode)66670",29839.6749951653
"factor(Dcode)66696",26861.9383086773
"factor(Dcode)66746",25999.6841264721
"factor(Dcode)66761",27326.4570478532
"factor(Dcode)66779",31477.3133543256
"factor(Dcode)66787",31654.0230039453
"factor(Dcode)66795",33705.8957202732
"factor(Dcode)66803",24332.210401241
"factor(Dcode)66829",24527.6016738899
"factor(Dcode)66837",27285.8225360263
"factor(Dcode)66845",27295.5401182295
"factor(Dcode)66852",66133.3365933945
"factor(Dcode)66886",32868.5542483148
"factor(Dcode)66894",28878.5479944416
"factor(Dcode)66910",23931.676500048
"factor(Dcode)66928",27169.0294896275
"factor(Dcode)66944",37440.5728906747
"factor(Dcode)66951",29715.7334632473
"factor(Dcode)66969",38856.504383713
"factor(Dcode)66977",25914.9129267949
"factor(Dcode)66985",27710.2802381661
"factor(Dcode)66993",24842.4474400701
"factor(Dcode)67033",26331.5238854168
"factor(Dcode)67041",131278.33158475
"factor(Dcode)67058",25928.1011315592
"factor(Dcode)67082",25546.577325271
"factor(Dcode)67090",25932.4458107676
"factor(Dcode)67116",24851.6445550217
"factor(Dcode)67124",27995.1011719747
"factor(Dcode)67157",33959.7009942278
"factor(Dcode)67173",26377.4907757982
"factor(Dcode)67181",26826.0129443046
"factor(Dcode)67199",29076.9304541496
"factor(Dcode)67207",29340.7098929644
"factor(Dcode)67215",27523.2851356107
"factor(Dcode)67231",24814.6522154448
"factor(Dcode)67249",25401.4455415879
"factor(Dcode)67280",26549.888783801
"factor(Dcode)67314",28132.9344988697
"factor(Dcode)67322",27507.3853456745
"factor(Dcode)67330",26112.7679016627
"factor(Dcode)67348",25577.919101699
"factor(Dcode)67355",28875.7251589218
"factor(Dcode)67413",29896.9798432525
"factor(Dcode)67421",28554.1406291542
"factor(Dcode)67439",31932.6726770455
"factor(Dcode)67447",31558.7484796003
"factor(Dcode)67454",40121.0677897406
"factor(Dcode)67462",36183.1150978973
"factor(Dcode)67470",25172.5641806909
"factor(Dcode)67488",36171.2245526406
"factor(Dcode)67504",24707.433923039
"factor(Dcode)67520",83423.7874890757
"factor(Dcode)67538",27883.2177038573
"factor(Dcode)67553",24948.3987830156
"factor(Dcode)67561",24717.0399969422
"factor(Dcode)67579",58567.5463108077
"factor(Dcode)67587",25535.2617493291
"factor(Dcode)67595",24186.6785449951
"factor(Dcode)67611",26356.761240384
"factor(Dcode)67637",25893.6752610672
"factor(Dcode)67645",23486.8139526659
"factor(Dcode)67652",27244.958097577
"factor(Dcode)67678",24862.6828432869
"factor(Dcode)67686",26289.1699739898
"factor(Dcode)67694",23500.0128888632
"factor(Dcode)67702",22452.1826672418
"factor(Dcode)67710",28122.1180617172
"factor(Dcode)67736",33402.5139838096
"factor(Dcode)67777",28169.4503957021
"factor(Dcode)67785",24323.7726560344
"factor(Dcode)67793",29711.0385513896
"factor(Dcode)67801",31971.4476644321
"factor(Dcode)67819",26955.4620013928
"factor(Dcode)67827",41749.1148325536
"factor(Dcode)67843",25436.0635000664
"factor(Dcode)67850",27096.0868810327
"factor(Dcode)67868",27087.7306997483
"factor(Dcode)67876",31684.1449080069
"factor(Dcode)67892",36889.7044547873
"factor(Dcode)67918",24097.0313683154
"factor(Dcode)67934",27672.4983834164
"factor(Dcode)67959",26095.8491967908
"factor(Dcode)67967",25247.0575994056
"factor(Dcode)67975",27273.6240415291
"factor(Dcode)67983",38901.7783117725
"factor(Dcode)67991",26075.4652906229
"factor(Dcode)68007",32647.132025204
"factor(Dcode)68023",31338.1679449626
"factor(Dcode)68031",24209.2798265217
"factor(Dcode)68049",75387.4413260469
"factor(Dcode)68056",32066.7431916545
"factor(Dcode)68080",27423.4251275302
"factor(Dcode)68098",25615.961568233
"factor(Dcode)68106",28851.087098468
"factor(Dcode)68114",25465.0597227147
"factor(Dcode)68122",30102.736436124
"factor(Dcode)68130",32114.0924910412
"factor(Dcode)68155",39431.083824533
"factor(Dcode)68163",170429.556231414
"factor(Dcode)68171",51586.9303587468
"factor(Dcode)68189",28066.0652853796
"factor(Dcode)68197",25492.9877559754
"factor(Dcode)68205",26684.4422344326
"factor(Dcode)68213",35530.6690795175
"factor(Dcode)68221",27975.7605053214
"factor(Dcode)68296",26441.6004447506
"factor(Dcode)68304",25499.1548955391
"factor(Dcode)68312",42425.2084271814
"factor(Dcode)68338",32373.1088095597
"factor(Dcode)68346",27453.9406814408
"factor(Dcode)68353",24968.1437128007
"factor(Dcode)68361",24418.8264387634
"factor(Dcode)68379",27140.9079847738
"factor(Dcode)68387",40795.9677379286
"factor(Dcode)68395",30734.0316290357
"factor(Dcode)68403",134886.403032721
"factor(Dcode)68411",28612.3658698119
"factor(Dcode)68437",38178.5331758635
"factor(Dcode)68452",27059.2521231915
"factor(Dcode)68478",31277.4785216887
"factor(Dcode)68486",27542.2088546332
"factor(Dcode)68502",25972.3795343132
"factor(Dcode)68544",23906.9026450578
"factor(Dcode)68569",25533.5167306532
"factor(Dcode)68577",27055.5724318696
"factor(Dcode)68585",29335.8144680142
"factor(Dcode)68593",25045.2709551055
"factor(Dcode)68619",28253.3146333246
"factor(Dcode)68627",506058.958555577
"factor(Dcode)68635",26154.261049014
"factor(Dcode)68650",24260.0316823105
"factor(Dcode)68676",31526.2862529264
"factor(Dcode)68700",26208.3048178156
"factor(Dcode)68726",39336.5596247287
"factor(Dcode)68759",26458.0079857107
"factor(Dcode)68791",27579.4138189181
"factor(Dcode)68809",34284.6905021137
"factor(Dcode)68825",28446.8195480223
"factor(Dcode)68833",39051.6740003184
"factor(Dcode)68841",26321.713154112
"factor(Dcode)68858",24409.4876379808
"factor(Dcode)68866",31321.9545738691
"factor(Dcode)68874",30277.0011198091
"factor(Dcode)68882",25508.2932772228
"factor(Dcode)68890",27413.0928680735
"factor(Dcode)68908",36621.5422689505
"factor(Dcode)68916",27408.0752636947
"factor(Dcode)68924",30040.1094385626
"factor(Dcode)68932",25881.4752699262
"factor(Dcode)68940",41476.8671487631
"factor(Dcode)68957",39495.462243765
"factor(Dcode)68965",33272.5283411348
"factor(Dcode)68973",25700.2372249379
"factor(Dcode)68981",47789.1873744648
"factor(Dcode)68999",36367.1394598471
"factor(Dcode)69005",32855.0902042917
"factor(Dcode)69013",27287.6600820116
"factor(Dcode)69021",28417.1200893843
"factor(Dcode)69039",26711.9465922462
"factor(Dcode)69047",43251.6937574759
"factor(Dcode)69062",43696.5187510559
"factor(Dcode)69070",27535.4408631455
"factor(Dcode)69088",44603.5970437918
"factor(Dcode)69104",50121.0878487176
"factor(Dcode)69112",56870.259662921
"factor(Dcode)69120",26951.9915196089
"factor(Dcode)69138",28060.1900319612
"factor(Dcode)69146",30591.8791683424
"factor(Dcode)69161",58487.683330797
"factor(Dcode)69179",75158.5558572551
"factor(Dcode)69195",34256.8991793161
"factor(Dcode)69203",26390.0579540554
"factor(Dcode)69211",28984.026835592
"factor(Dcode)69229",27080.6090062437
"factor(Dcode)69245",64663.3942938873
"factor(Dcode)69252",81445.3720993119
"factor(Dcode)69260",27619.7137823571
"factor(Dcode)69310",29111.9620993636
"factor(Dcode)69328",36342.3769082573
"factor(Dcode)69336",26239.3376543674
"factor(Dcode)69344",73593.1738216729
"factor(Dcode)69369",28637.5970791408
"factor(Dcode)69377",24960.9182849528
"factor(Dcode)69385",25172.6789265017
"factor(Dcode)69393",27847.3550838376
"factor(Dcode)69401",31181.5605682613
"factor(Dcode)69419",24049.2776621008
"factor(Dcode)69427",30660.8356414173
"factor(Dcode)69435",24440.880362883
"factor(Dcode)69450",26917.0204175454
"factor(Dcode)69468",31017.7169827965
"factor(Dcode)69484",27302.5634235121
"factor(Dcode)69492",49141.8274515024
"factor(Dcode)69500",29936.970241759
"factor(Dcode)69518",25628.0583701552
"factor(Dcode)69526",25892.6824062462
"factor(Dcode)69534",39289.5457438256
"factor(Dcode)69542",31678.3303766207
"factor(Dcode)69575",25249.1564978604
"factor(Dcode)69583",25618.5230086304
"factor(Dcode)69591",27504.2525943436
"factor(Dcode)69609",45938.8632456292
"factor(Dcode)69617",75367.6012814202
"factor(Dcode)69625",26758.402823268
"factor(Dcode)69633",26137.9297601446
"factor(Dcode)69641",39983.0134049629
"factor(Dcode)69666",31429.4311121414
"factor(Dcode)69674",29773.6136340475
"factor(Dcode)69682",33577.7658601116
"factor(Dcode)69690",27837.4664409502
"factor(Dcode)69708",24650.0638316348
"factor(Dcode)69732",40785.5683276652
"factor(Dcode)69757",26388.1952280395
"factor(Dcode)69765",29448.1070115965
"factor(Dcode)69773",30036.2144771302
"factor(Dcode)69781",31272.2008403111
"factor(Dcode)69799",33086.4645829632
"factor(Dcode)69807",31667.7570240294
"factor(Dcode)69849",25308.4022030765
"factor(Dcode)69856",33549.4732910111
"factor(Dcode)69872",26912.9503000478
"factor(Dcode)69880",34126.4659537558
"factor(Dcode)69914",28378.6798800533
"factor(Dcode)69922",39026.3465395943
"factor(Dcode)69948",25846.8907093126
"factor(Dcode)69955",27475.1839995741
"factor(Dcode)69971",25783.7876805507
"factor(Dcode)69989",34116.5095201431
"factor(Dcode)69997",46864.6179672839
"factor(Dcode)70003",24163.2463137902
"factor(Dcode)70011",28609.9023396753
"factor(Dcode)70029",37466.7514060923
"factor(Dcode)70037",122176.136412745
"factor(Dcode)70045",27756.7061913423
"factor(Dcode)70052",26299.6421926655
"factor(Dcode)70078",24667.19654545
"factor(Dcode)70086",50550.5301316244
"factor(Dcode)70094",25860.8191637888
"factor(Dcode)70110",28390.1240369566
"factor(Dcode)70128",29109.3088160204
"factor(Dcode)70136",34074.7477632855
"factor(Dcode)70169",61871.405825382
"factor(Dcode)70177",42125.265432807
"factor(Dcode)70185",30232.9565505233
"factor(Dcode)70193",67285.1667255116
"factor(Dcode)70201",29493.8266242916
"factor(Dcode)70227",34892.0787156136
"factor(Dcode)70243",30972.111242042
"factor(Dcode)70250",60938.7299518071
"factor(Dcode)70292",77579.6997679205
"factor(Dcode)70318",35851.0029285575
"factor(Dcode)70326",29959.35494767
"factor(Dcode)70334",35628.794784228
"factor(Dcode)70359",70321.5605620714
"factor(Dcode)70367",93674.2360506959
"factor(Dcode)70375",53878.297395799
"factor(Dcode)70383",42712.9259303443
"factor(Dcode)70409",35892.5835240424
"factor(Dcode)70417",32054.9613084849
"factor(Dcode)70425",26144.012760527
"factor(Dcode)70458",40639.7505820614
"factor(Dcode)70466",43929.1826205706
"factor(Dcode)70482",29382.5215717267
"factor(Dcode)70490",40449.6223311905
"factor(Dcode)70508",25733.3082924718
"factor(Dcode)70516",35501.1636731584
"factor(Dcode)70524",24962.251200218
"factor(Dcode)70532",25162.9835208388
"factor(Dcode)70540",26196.9857553985
"factor(Dcode)70565",24398.4168885903
"factor(Dcode)70573",26098.3057198925
"factor(Dcode)70581",31336.466414104
"factor(Dcode)70599",48548.0292322852
"factor(Dcode)70607",28570.2584134503
"factor(Dcode)70615",27798.5945320722
"factor(Dcode)70623",24575.0777708723
"factor(Dcode)70649",31978.8349452007
"factor(Dcode)70656",27262.4923803953
"factor(Dcode)70672",27119.5510357629
"factor(Dcode)70680",29375.3303354248
"factor(Dcode)70698",43409.1520690851
"factor(Dcode)70706",40736.2212083856
"factor(Dcode)70714",26418.7334600758
"factor(Dcode)70722",26795.8276197747
"factor(Dcode)70730",97775.5182437638
"factor(Dcode)70763",68995.7071948381
"factor(Dcode)70789",48228.3887543356
"factor(Dcode)70797",44976.2292600824
"factor(Dcode)70805",28923.7772332449
"factor(Dcode)70813",37076.2933340057
"factor(Dcode)70821",46705.8352958486
"factor(Dcode)70839",30910.3421358714
"factor(Dcode)70847",27659.5254916581
"factor(Dcode)70854",-7.36233404301688
"factor(Dcode)70870",32334.6037290234
"factor(Dcode)70888",65163.8266892247
"factor(Dcode)70896",27888.8014599726
"factor(Dcode)70904",40247.6508343581
"factor(Dcode)70912",-123.010330435638
"factor(Dcode)70920",-60.155523865616
"factor(Dcode)70938",32513.5979607068
"factor(Dcode)70953",30210.5966175209
"factor(Dcode)70961",44107.7884617078
"factor(Dcode)70979",26056.9323123897
"factor(Dcode)70995",25176.8993736714
"factor(Dcode)71001",24476.570969337
"factor(Dcode)71019",26110.8580903252
"factor(Dcode)71035",26803.5011503162
"factor(Dcode)71043",27336.8353813452
"factor(Dcode)71050",28410.8105819455
"factor(Dcode)71068",34878.4919153741
"factor(Dcode)71076",26189.5246079184
"factor(Dcode)71084",27223.6439923445
"factor(Dcode)71092",34431.7430671619
"factor(Dcode)71100",23702.1287668623
"factor(Dcode)71134",38907.9193292901
"factor(Dcode)71142",30457.5957955931
"factor(Dcode)71209",28267.2780524352
"factor(Dcode)71217",26786.6899378843
"factor(Dcode)71233",32195.993626245
"factor(Dcode)71266",26264.0185023379
"factor(Dcode)71274",28355.43711095
"factor(Dcode)71282",25099.7633725248
"factor(Dcode)71290",24195.5709325103
"factor(Dcode)71324",26964.9655597599
"factor(Dcode)71357",27657.8736621706
"factor(Dcode)71365",27441.7124591844
"factor(Dcode)71373",33181.6951481498
"factor(Dcode)71381",25517.6570579609
"factor(Dcode)71399",26538.6942177068
"factor(Dcode)71407",37246.2919241622
"factor(Dcode)71415",33740.0063833087
"factor(Dcode)71423",29272.3151127389
"factor(Dcode)71431",28326.5768751406
"factor(Dcode)71449",33542.3217244563
"factor(Dcode)71456",34692.3966235785
"factor(Dcode)71464",26598.6750059059
"factor(Dcode)71472",25958.3353784396
"factor(Dcode)71498",26010.5234933698
"factor(Dcode)71506",29221.9751029295
"factor(Dcode)71514",49786.546838689
"factor(Dcode)71522",26113.4092094336
"factor(Dcode)71530",40330.2212722916
"factor(Dcode)71548",28429.0962143789
"factor(Dcode)71555",32231.62521597
"factor(Dcode)71563",27367.2459632237
"factor(Dcode)71571",32789.970788953
"factor(Dcode)71621",26426.7517261875
"factor(Dcode)71639",29809.7478595425
"factor(Dcode)71647",26857.8993785945
"factor(Dcode)71654",25435.5307480788
"factor(Dcode)71662",36329.7065440108
"factor(Dcode)71670",61836.4090689469
"factor(Dcode)71688",77323.2773550377
"factor(Dcode)71696",31383.2533750616
"factor(Dcode)71738",34570.0503003047
"factor(Dcode)71746",43519.1808460687
"factor(Dcode)71761",57833.658373762
"factor(Dcode)71795",47109.0908646876
"factor(Dcode)71803",36376.5204879832
"factor(Dcode)71811",27414.4794329445
"factor(Dcode)71829",25844.4767936927
"factor(Dcode)71837",28218.6656151496
"factor(Dcode)71845",36373.6297407997
"factor(Dcode)71852",24854.2140846626
"factor(Dcode)71860",30433.2730099663
"factor(Dcode)71894",27792.7823462505
"factor(Dcode)71902",27398.8465885036
"factor(Dcode)71944",25487.1270858084
"factor(Dcode)71951",67393.7984239289
"factor(Dcode)71969",27930.5102453276
"factor(Dcode)71985",24853.1840245441
"factor(Dcode)71993",28590.9380626659
"factor(Dcode)72009",26032.7355315342
"factor(Dcode)72017",25079.4093753393
"factor(Dcode)72025",24663.7528799003
"factor(Dcode)72033",26827.6468522844
"factor(Dcode)72041",27136.4126742184
"factor(Dcode)72058",27657.6211767454
"factor(Dcode)72082",46372.5329785891
"factor(Dcode)72090",24339.9077841728
"factor(Dcode)72108",33796.6417158172
"factor(Dcode)72116",26302.077149306
"factor(Dcode)72132",26253.7845961616
"factor(Dcode)72140",59126.2313307715
"factor(Dcode)72157",27399.3837861105
"factor(Dcode)72173",24527.8858753318
"factor(Dcode)72181",27796.4392107145
"factor(Dcode)72199",27022.0122117476
"factor(Dcode)72207",25441.4874987603
"factor(Dcode)72215",28558.2267907479
"factor(Dcode)72223",26901.7358574124
"factor(Dcode)72231",24845.1578521933
"factor(Dcode)72249",30514.6440475526
"factor(Dcode)72256",25767.7484591413
"factor(Dcode)72264",25376.0853854357
"factor(Dcode)72298",27222.5122560717
"factor(Dcode)72306",36797.1323612583
"factor(Dcode)72348",27050.0941002817
"factor(Dcode)72355",29201.1022503359
"factor(Dcode)72363",34492.7657330326
"factor(Dcode)72371",26284.1969405689
"factor(Dcode)72389",33034.3907542354
"factor(Dcode)72397",26617.1528769576
"factor(Dcode)72405",27134.3057094918
"factor(Dcode)72413",67243.1428355426
"factor(Dcode)72421",35831.9981333846
"factor(Dcode)72447",25765.0701291584
"factor(Dcode)72454",25854.186113684
"factor(Dcode)72462",25589.6165830429
"factor(Dcode)72470",42305.5425840389
"factor(Dcode)72504",27124.5321403334
"factor(Dcode)72512",28125.0497956841
"factor(Dcode)72520",26098.7354552499
"factor(Dcode)72538",27321.21622913
"factor(Dcode)72546",28682.436202281
"factor(Dcode)72553",26171.5078577616
"factor(Dcode)72561",25037.9573183368
"factor(Dcode)72579",30823.4455211152
"factor(Dcode)72603",25515.1453701826
"factor(Dcode)72611",37902.3327180867
"factor(Dcode)72652",26483.306736184
"factor(Dcode)72678",26019.2364810756
"factor(Dcode)72686",29563.168830702
"factor(Dcode)72694",27280.7535429954
"factor(Dcode)72702",27489.5340622038
"factor(Dcode)72710",27074.8299266599
"factor(Dcode)72728",267624.207842623
"factor(Dcode)72736",28433.3679294572
"factor(Dcode)72744",26984.0195263284
"factor(Dcode)72751",33171.7744687018
"factor(Dcode)72769",29609.8560770494
"factor(Dcode)73361",50447.0593780339
"factor(Dcode)73379",46014.2982872794
"factor(Dcode)73387",25664.0487160714
"factor(Dcode)73437",31755.3060549651
"factor(Dcode)73445",31941.1000741517
"factor(Dcode)73452",32449.0175546557
"factor(Dcode)73460",25896.8941302341
"factor(Dcode)73544",26487.4858694456
"factor(Dcode)73551",25367.3075985024
"factor(Dcode)73569",26501.6200562619
"factor(Dcode)73585",35392.5467592756
"factor(Dcode)73593",38711.8388151553
"factor(Dcode)73601",25867.1572042531
"factor(Dcode)73619",28119.5087121079
"factor(Dcode)73635",27459.0868708995
"factor(Dcode)73643",26812.4208130558
"factor(Dcode)73650",26557.1745753865
"factor(Dcode)73668",72510.0173496055
"factor(Dcode)73676",28254.9555855111
"factor(Dcode)73684",44497.2174885551
"factor(Dcode)73692",37276.4118353424
"factor(Dcode)73700",53861.9323007645
"factor(Dcode)73726",32288.331245264
"factor(Dcode)73742",27795.0952689433
"factor(Dcode)73759",25101.8269141654
"factor(Dcode)73783",29618.5421590736
"factor(Dcode)73791",24091.3504252212
"factor(Dcode)73809",27169.2343700789
"factor(Dcode)73825",29283.0478862015
"factor(Dcode)73833",62550.7844867966
"factor(Dcode)73858",50167.713407277
"factor(Dcode)73866",40928.312477842
"factor(Dcode)73874",23810.9960714733
"factor(Dcode)73882",26466.6551392312
"factor(Dcode)73890",27233.0938095306
"factor(Dcode)73908",32925.5790412805
"factor(Dcode)73916",37056.3060006141
"factor(Dcode)73924",26758.9768967426
"factor(Dcode)73932",29820.0108635494
"factor(Dcode)73940",25456.9828656346
"factor(Dcode)73957",25196.6076637224
"factor(Dcode)73965",25379.8034006264
"factor(Dcode)73973",27212.4237167598
"factor(Dcode)73981",26228.5852519042
"factor(Dcode)73999",26118.5723827589
"factor(Dcode)75002",24661.8088835559
"factor(Dcode)75010",41222.8075626649
"factor(Dcode)75028",43144.191009977
"factor(Dcode)75036",52737.4645765823
"factor(Dcode)75044",24833.4447848803
"factor(Dcode)75051",31559.6445734064
"factor(Dcode)75069",24894.6519188937
"factor(Dcode)75077",25703.8813483598
"factor(Dcode)75085",25435.9130248886
"factor(Dcode)75093",28141.6756367594
"factor(Dcode)75101",31750.4923073043
"factor(Dcode)75119",31815.4599353608
"factor(Dcode)75127",30076.0084621941
"factor(Dcode)75150",204740.74497721
"factor(Dcode)75168",33204.0794342162
"factor(Dcode)75176",25986.7903783128
"factor(Dcode)75184",44179.8695564115
"factor(Dcode)75192",24619.7486133709
"factor(Dcode)75200",24639.880616006
"factor(Dcode)75218",62362.4108341784
"factor(Dcode)75234",34654.8616598536
"factor(Dcode)75242",39619.8566373633
"factor(Dcode)75259",30492.0393824279
"factor(Dcode)75267",35546.1599568027
"factor(Dcode)75275",38648.3188378286
"factor(Dcode)75283",31316.336426096
"factor(Dcode)75291",26265.354493198
"factor(Dcode)75309",28998.2693185592
"factor(Dcode)75317",30128.1415742886
"factor(Dcode)75325",28711.5330246344
"factor(Dcode)75333",27148.5796987862
"factor(Dcode)75341",28541.3365314611
"factor(Dcode)75358",26760.127620232
"factor(Dcode)75366",27839.5416237581
"factor(Dcode)75374",30518.1448201798
"factor(Dcode)75382",488177.225520036
"factor(Dcode)75390",29034.758180584
"factor(Dcode)75408",27391.0213472522
"factor(Dcode)75416",45381.676583717
"factor(Dcode)75432",23893.5211200616
"factor(Dcode)75440",28474.8335060885
"factor(Dcode)75457",28093.7752826066
"factor(Dcode)75465",45965.5377494133
"factor(Dcode)75473",29400.122104779
"factor(Dcode)75481",26675.9728315061
"factor(Dcode)75499",27293.2075976305
"factor(Dcode)75507",27976.854126622
"factor(Dcode)75515",29910.6622204026
"factor(Dcode)75523",29838.4443823716
"factor(Dcode)75531",28123.5081718441
"factor(Dcode)75549",28860.4361225502
"factor(Dcode)75556",33317.6330660246
"factor(Dcode)75564",27174.646539656
"factor(Dcode)75572",32397.865680469
"factor(Dcode)75580",28260.458909006
"factor(Dcode)75598",29793.161386387
"factor(Dcode)75606",38958.9762862901
"factor(Dcode)75614",27868.5000082455
"factor(Dcode)75713",30745.1208443274
"factor(Dcode)75739",26300.2547928132
"factor(Dcode)76414",34395.9205195177
"factor(Dcode)76455",36449.0178568555
"factor(Dcode)76505",32922.6663414735
"factor(Dcode)76513",32352.6122283804
"factor(Dcode)76562",29324.0905003791
"factor(Dcode)76687",29345.0989821391
"factor(Dcode)76760",22716.0507254343
"factor(Dcode)76778",32771.479534446
"factor(Dcode)76786",28331.2965003228
"factor(Dcode)76794",27953.5350755097
"factor(Dcode)76802",27777.3913280049
